{
  "pool_size": 20,
  "strategies": [
    {
      "id": 0,
      "gene": {
        "ma_fast": 8,
        "ma_slow": 55,
        "ma_signal": 14,
        "rsi_period": 16,
        "rsi_overbought": 77,
        "rsi_oversold": 24,
        "volume_ma_period": 19,
        "volume_multiplier": 1.2629409571939907,
        "position_size": 0.4892407908871699,
        "stop_loss_pct": 0.06540474309524166,
        "take_profit_pct": 0.08360059293240243,
        "max_hold_days": 19,
        "weight_ma_cross": 0.37740606211445327,
        "weight_rsi_signal": 0.09933186297424601,
        "weight_volume": 0.13393993869222365,
        "weight_trend": 0.38932213621907713
      },
      "fitness": 0.0,
      "returns": 0.0,
      "sharpe": 0.0,
      "max_drawdown": 0.0,
      "win_rate": 0.0,
      "trade_count": 0
    },
    {
      "id": 1,
      "gene": {
        "ma_fast": 16,
        "ma_slow": 53,
        "ma_signal": 6,
        "rsi_period": 10,
        "rsi_overbought": 78,
        "rsi_oversold": 30,
        "volume_ma_period": 14,
        "volume_multiplier": 1.540300251888473,
        "position_size": 0.3355639721148205,
        "stop_loss_pct": 0.07063044353368236,
        "take_profit_pct": 0.1067030357533047,
        "max_hold_days": 8,
        "weight_ma_cross": 0.34387511926977443,
        "weight_rsi_signal": 0.34689984081617903,
        "weight_volume": 0.09820940007590148,
        "weight_trend": 0.21101563983814503
      },
      "fitness": 0.0,
      "returns": 0.0,
      "sharpe": 0.0,
      "max_drawdown": 0.0,
      "win_rate": 0.0,
      "trade_count": 0
    },
    {
      "id": 2,
      "gene": {
        "ma_fast": 18,
        "ma_slow": 25,
        "ma_signal": 10,
        "rsi_period": 19,
        "rsi_overbought": 68,
        "rsi_oversold": 25,
        "volume_ma_period": 13,
        "volume_multiplier": 1.2671806665183014,
        "position_size": 0.4402688757096177,
        "stop_loss_pct": 0.05008555989313683,
        "take_profit_pct": 0.13513564445675974,
        "max_hold_days": 17,
        "weight_ma_cross": 0.2629611120747436,
        "weight_rsi_signal": 0.1699989943574405,
        "weight_volume": 0.30994004874112085,
        "weight_trend": 0.257099844826695
      },
      "fitness": 0.0,
      "returns": 0.0,
      "sharpe": 0.0,
      "max_drawdown": 0.0,
      "win_rate": 0.0,
      "trade_count": 0
    },
    {
      "id": 3,
      "gene": {
        "ma_fast": 16,
        "ma_slow": 55,
        "ma_signal": 9,
        "rsi_period": 21,
        "rsi_overbought": 66,
        "rsi_oversold": 33,
        "volume_ma_period": 13,
        "volume_multiplier": 1.2782524793350662,
        "position_size": 0.15213511051481088,
        "stop_loss_pct": 0.07063044353368236,
        "take_profit_pct": 0.16361849999040862,
        "max_hold_days": 6,
        "weight_ma_cross": 0.31016862112548255,
        "weight_rsi_signal": 0.31289686070655226,
        "weight_volume": 0.2753516808889694,
        "weight_trend": 0.10158283727899588
      },
      "fitness": 0.0,
      "returns": 0.0,
      "sharpe": 0.0,
      "max_drawdown": 0.0,
      "win_rate": 0.0,
      "trade_count": 0
    },
    {
      "id": 4,
      "gene": {
        "ma_fast": 21,
        "ma_slow": 39,
        "ma_signal": 12,
        "rsi_period": 11,
        "rsi_overbought": 78,
        "rsi_oversold": 31,
        "volume_ma_period": 19,
        "volume_multiplier": 1.540300251888473,
        "position_size": 0.4791575831724494,
        "stop_loss_pct": 0.04275425317526592,
        "take_profit_pct": 0.09513621912094364,
        "max_hold_days": 6,
        "weight_ma_cross": 0.03708381319985315,
        "weight_rsi_signal": 0.4327771878147096,
        "weight_volume": 0.11297130968108957,
        "weight_trend": 0.41716768930434767
      },
      "fitness": 0.0,
      "returns": 0.0,
      "sharpe": 0.0,
      "max_drawdown": 0.0,
      "win_rate": 0.0,
      "trade_count": 0
    },
    {
      "id": 5,
      "gene": {
        "ma_fast": 16,
        "ma_slow": 53,
        "ma_signal": 10,
        "rsi_period": 10,
        "rsi_overbought": 78,
        "rsi_oversold": 30,
        "volume_ma_period": 13,
        "volume_multiplier": 1.540300251888473,
        "position_size": 0.3355639721148205,
        "stop_loss_pct": 0.07063044353368236,
        "take_profit_pct": 0.10357280251905515,
        "max_hold_days": 17,
        "weight_ma_cross": 0.29434292187847033,
        "weight_rsi_signal": 0.2969319587931738,
        "weight_volume": 0.3278405795523539,
        "weight_trend": 0.08088453977600188
      },
      "fitness": 0.0,
      "returns": 0.0,
      "sharpe": 0.0,
      "max_drawdown": 0.0,
      "win_rate": 0.0,
      "trade_count": 0
    },
    {
      "id": 6,
      "gene": {
        "ma_fast": 12,
        "ma_slow": 36,
        "ma_signal": 10,
        "rsi_period": 13,
        "rsi_overbought": 73,
        "rsi_oversold": 23,
        "volume_ma_period": 13,
        "volume_multiplier": 1.3719503774975175,
        "position_size": 0.4402688757096177,
        "stop_loss_pct": 0.06905260179813877,
        "take_profit_pct": 0.11157806583588314,
        "max_hold_days": 19,
        "weight_ma_cross": 0.4204857496458365,
        "weight_rsi_signal": 0.3683587618873761,
        "weight_volume": 0.022349873747204107,
        "weight_trend": 0.1888056147195833
      },
      "fitness": 0.0,
      "returns": 0.0,
      "sharpe": 0.0,
      "max_drawdown": 0.0,
      "win_rate": 0.0,
      "trade_count": 0
    },
    {
      "id": 7,
      "gene": {
        "ma_fast": 18,
        "ma_slow": 35,
        "ma_signal": 13,
        "rsi_period": 16,
        "rsi_overbought": 66,
        "rsi_oversold": 25,
        "volume_ma_period": 14,
        "volume_multiplier": 1.2394751909449777,
        "position_size": 0.43402036253443,
        "stop_loss_pct": 0.03787618365083609,
        "take_profit_pct": 0.14873327594371477,
        "max_hold_days": 10,
        "weight_ma_cross": 0.2632633568913378,
        "weight_rsi_signal": 0.3020908776861375,
        "weight_volume": 0.22646649163555047,
        "weight_trend": 0.20817927378697418
      },
      "fitness": 0.0,
      "returns": 0.0,
      "sharpe": 0.0,
      "max_drawdown": 0.0,
      "win_rate": 0.0,
      "trade_count": 0
    },
    {
      "id": 8,
      "gene": {
        "ma_fast": 16,
        "ma_slow": 24,
        "ma_signal": 6,
        "rsi_period": 8,
        "rsi_overbought": 78,
        "rsi_oversold": 33,
        "volume_ma_period": 19,
        "volume_multiplier": 1.2629409571939907,
        "position_size": 0.12418491715618016,
        "stop_loss_pct": 0.04246718186893465,
        "take_profit_pct": 0.09390702160951944,
        "max_hold_days": 15,
        "weight_ma_cross": 0.200372897420866,
        "weight_rsi_signal": 0.38743584756150995,
        "weight_volume": 0.21355385631701668,
        "weight_trend": 0.19863739870060734
      },
      "fitness": 0.0,
      "returns": 0.0,
      "sharpe": 0.0,
      "max_drawdown": 0.0,
      "win_rate": 0.0,
      "trade_count": 0
    },
    {
      "id": 9,
      "gene": {
        "ma_fast": 10,
        "ma_slow": 25,
        "ma_signal": 10,
        "rsi_period": 19,
        "rsi_overbought": 65,
        "rsi_oversold": 33,
        "volume_ma_period": 14,
        "volume_multiplier": 1.5996236117345017,
        "position_size": 0.41913304736619544,
        "stop_loss_pct": 0.07716471757463152,
        "take_profit_pct": 0.11475612911126087,
        "max_hold_days": 20,
        "weight_ma_cross": 0.2002727795348516,
        "weight_rsi_signal": 0.07989463654940603,
        "weight_volume": 0.37322268330991976,
        "weight_trend": 0.34660990060582264
      },
      "fitness": 0.0,
      "returns": 0.0,
      "sharpe": 0.0,
      "max_drawdown": 0.0,
      "win_rate": 0.0,
      "trade_count": 0
    },
    {
      "id": 10,
      "gene": {
        "ma_fast": 18,
        "ma_slow": 53,
        "ma_signal": 6,
        "rsi_period": 10,