{
  "pool_size": 20,
  "strategies": [
    {
      "id": 15,
      "gene": {
        "ma_fast": 16,
        "ma_slow": 34,
        "ma_signal": 11,
        "rsi_period": 17,
        "rsi_overbought": 79,
        "rsi_oversold": 34,
        "volume_ma_period": 11,
        "volume_multiplier": 1.2147101206113726,
        "position_size": 0.3607007979623632,
        "stop_loss_pct": 0.03080621299991032,
        "take_profit_pct": 0.0741093703144361,
        "max_hold_days": 5,
        "weight_ma_cross": 0.019441954373650594,
        "weight_rsi_signal": 0.0,
        "weight_volume": 0.45886065548379057,
        "weight_trend": 0.5216973901425589
      },
      "fitness": 160.95064600740974,
      "returns": 22.005257282222225,
      "sharpe": 7.088465390239397,
      "max_drawdown": -0.013008514158953315,
      "win_rate": 0.45968013468013463,
      "trade_count": 9.88888888888889
    },
    {
      "id": 19,
      "gene": {
        "ma_fast": 13,
        "ma_slow": 36,
        "ma_signal": 11,
        "rsi_period": 17,
        "rsi_overbought": 77,
        "rsi_oversold": 26,
        "volume_ma_period": 11,
        "volume_multiplier": 1.1283956903229813,
        "position_size": 0.490137798844865,
        "stop_loss_pct": 0.0592654941106817,
        "take_profit_pct": 0.12779997329820847,
        "max_hold_days": 5,
        "weight_ma_cross": 0.0,
        "weight_rsi_signal": 0.03829177320859433,
        "weight_volume": 0.6230536145959558,
        "weight_trend": 0.33865461219544996
      },
      "fitness": 75.18339045668228,
      "returns": 12.732120343333332,
      "sharpe": 5.555225024070605,
      "max_drawdown": -0.01444094959766982,
      "win_rate": 0.428968253968254,
      "trade_count": 6.444444444444445
    },
    {
      "id": 7,
      "gene": {
        "ma_fast": 13,
        "ma_slow": 32,
        "ma_signal": 15,
        "rsi_period": 9,
        "rsi_overbought": 79,
        "rsi_oversold": 34,
        "volume_ma_period": 15,
        "volume_multiplier": 1.4348092573031836,
        "position_size": 0.4224697415011084,
        "stop_loss_pct": 0.07285923507462072,
        "take_profit_pct": 0.0866159665420027,
        "max_hold_days": 14,
        "weight_ma_cross": 0.03257261770585988,
        "weight_rsi_signal": 0.22360225706214998,
        "weight_volume": 0.206179684468081,
        "weight_trend": 0.5376454407639092
      },
      "fitness": 61.026694782961705,
      "returns": 10.605707879999999,
      "sharpe": 5.336876763551214,
      "max_drawdown": -0.014716886267181548,
      "win_rate": 0.4391534391534392,
      "trade_count": 6.0
    },
    {
      "id": 3,
      "gene": {
        "ma_fast": 13,
        "ma_slow": 32,
        "ma_signal": 11,
        "rsi_period": 16,
        "rsi_overbought": 84,
        "rsi_oversold": 34,
        "volume_ma_period": 11,
        "volume_multiplier": 1.4348092573031836,
        "position_size": 0.4224697415011084,
        "stop_loss_pct": 0.0727377686858801,
        "take_profit_pct": 0.07970884594339976,
        "max_hold_days": 5,
        "weight_ma_cross": 0.02633763294299095,
        "weight_rsi_signal": 0.1808007641543572,
        "weight_volume": 0.3710264746065568,
        "weight_trend": 0.42183512829609504
      },
      "fitness": 0.0,
      "returns": 0.0,
      "sharpe": 0.0,
      "max_drawdown": 0.0,
      "win_rate": 0.0,
      "trade_count": 0
    },
    {
      "id": 4,
      "gene": {
        "ma_fast": 13,
        "ma_slow": 36,
        "ma_signal": 11,
        "rsi_period": 17,
        "rsi_overbought": 77,
        "rsi_oversold": 26,
        "volume_ma_period": 11,
        "volume_multiplier": 1.1283956903229813,
        "position_size": 0.490137798844865,
        "stop_loss_pct": 0.0592654941106817,
        "take_profit_pct": 0.12779997329820847,
        "max_hold_days": 5,
        "weight_ma_cross": 0.0,
        "weight_rsi_signal": 0.03829177320859433,
        "weight_volume": 0.6230536145959558,
        "weight_trend": 0.33865461219544996
      },
      "fitness": 0.0,
      "returns": 0.0,
      "sharpe": 0.0,
      "max_drawdown": 0.0,
      "win_rate": 0.0,
      "trade_count": 0
    },
    {
      "id": 5,
      "gene": {
        "ma_fast": 16,
        "ma_slow": 33,
        "ma_signal": 11,
        "rsi_period": 17,
        "rsi_overbought": 79,
        "rsi_oversold": 32,
        "volume_ma_period": 11,
        "volume_multiplier": 1.1283956903229813,
        "position_size": 0.490137798844865,
        "stop_loss_pct": 0.03080621299991032,
        "take_profit_pct": 0.12779997329820847,
        "max_hold_days": 5,
        "weight_ma_cross": 0.023798007837908423,
        "weight_rsi_signal": 0.0,
        "weight_volume": 0.5616703581256586,
        "weight_trend": 0.41453163403643295
      },
      "fitness": 0.0,
      "returns": 0.0,
      "sharpe": 0.0,
      "max_drawdown": 0.0,
      "win_rate": 0.0,
      "trade_count": 0
    },
    {
      "id": 6,
      "gene": {
        "ma_fast": 18,
        "ma_slow": 36,
        "ma_signal": 11,
        "rsi_period": 17,
        "rsi_overbought": 74,
        "rsi_oversold": 29,
        "volume_ma_period": 11,
        "volume_multiplier": 1.1283956903229813,
        "position_size": 0.3607007979623632,
        "stop_loss_pct": 0.0592654941106817,
        "take_profit_pct": 0.12779997329820847,
        "max_hold_days": 5,
        "weight_ma_cross": 0.016699941553054386,
        "weight_rsi_signal": 0.0,
        "weight_volume": 0.5351807101385563,
        "weight_trend": 0.4481193483083894
      },
      "fitness": 0.0,
      "returns": 0.0,
      "sharpe": 0.0,
      "max_drawdown": 0.0,
      "win_rate": 0.0,
      "trade_count": 0
    },
    {
      "id": 7,
      "gene": {
        "ma_fast": 16,
        "ma_slow": 34,
        "ma_signal": 11,
        "rsi_period": 17,
        "rsi_overbought": 80,
        "rsi_oversold": 34,
        "volume_ma_period": 10,
        "volume_multiplier": 1.2147101206113726,
        "position_size": 0.3607007979623632,
        "stop_loss_pct": 0.03080621299991032,
        "take_profit_pct": 0.0741093703144361,
        "max_hold_days": 5,
        "weight_ma_cross": 0.019441954373650594,
        "weight_rsi_signal": 0.0,
        "weight_volume": 0.45886065548379057,
        "weight_trend": 0.5216973901425589
      },
      "fitness": 0.0,
      "returns": 0.0,
      "sharpe": 0.0,
      "max_drawdown": 0.0,
      "win_rate": 0.0,
      "trade_count": 0
    },
    {
      "id": 8,
      "gene": {
        "ma_fast": 16,
        "ma_slow": 34,
        "ma_signal": 16,
        "rsi_period": 17,
        "rsi_overbought": 79,
        "rsi_oversold": 34,
        "volume_ma_period": 11,
        "volume_multiplier": 1.2147101206113726,
        "position_size": 0.3607007979623632,
        "stop_loss_pct": 0.030914459324257133,
        "take_profit_pct": 0.0741093703144361,
        "max_hold_days": 5,
        "weight_ma_cross": 0.019441954373650594,
        "weight_rsi_signal": 0.0,
        "weight_volume": 0.45886065548379057,
        "weight_trend": 0.5216973901425589
      },
      "fitness": 0.0,
      "returns": 0.0,
      "sharpe": 0.0,
      "max_drawdown": 0.0,
      "win_rate": 0.0,
      "trade_count": 0
    },
    {
      "id": 9,
      "gene": {
        "ma_fast": 16,
        "ma_slow": 34,
        "ma_signal": 11,
        "rsi_period": 17,
        "rsi_overbought": 79,
        "rsi_oversold": 34,
        "volume_ma_period": 11,
        "volume_multiplier": 1.2147101206113726,
        "position_size": 0.3607007979623632,
        "stop_loss_pct": 0.03080621299991032,
        "take_profit_pct": 0.06399814249603201,
        "max_hold_days": 5,
        "weight_ma_cross": 0.019441954373650594,
        "weight_rsi_signal": 0.0,
        "weight_volume": 0.45886065548379057,
        "weight_trend": 0.5216973901425589
      },
      "fitness": 0.0,
      "returns": 0.0,
      "sharpe": 0.0,
      "max_drawdown": 0.0,
      "win_rate": 0.0,
      "trade_count": 0
    },
    {
      "id": 10,