{
  "pool_size": 20,
  "strategies": [
    {
      "id": 5,
      "gene": {
        "ma_fast": 16,
        "ma_slow": 33,
        "ma_signal": 11,
        "rsi_period": 17,
        "rsi_overbought": 79,
        "rsi_oversold": 32,
        "volume_ma_period": 11,
        "volume_multiplier": 1.1283956903229813,
        "position_size": 0.490137798844865,
        "stop_loss_pct": 0.03080621299991032,
        "take_profit_pct": 0.12779997329820847,
        "max_hold_days": 5,
        "weight_ma_cross": 0.023798007837908423,
        "weight_rsi_signal": 0.0,
        "weight_volume": 0.5616703581256586,
        "weight_trend": 0.41453163403643295
      },
      "fitness": 134.66616805887136,
      "returns": 20.13309904,
      "sharpe": 6.423601464294925,
      "max_drawdown": -0.007988457009570458,
      "win_rate": 0.1898148148148148,
      "trade_count": 7.666666666666667
    },
    {
      "id": 11,
      "gene": {
        "ma_fast": 13,
        "ma_slow": 34,
        "ma_signal": 11,
        "rsi_period": 14,
        "rsi_overbought": 77,
        "rsi_oversold": 34,
        "volume_ma_period": 11,
        "volume_multiplier": 1.2147101206113726,
        "position_size": 0.490137798844865,
        "stop_loss_pct": 0.03080621299991032,
        "take_profit_pct": 0.12779997329820847,
        "max_hold_days": 5,
        "weight_ma_cross": 0.019441954373650594,
        "weight_rsi_signal": 0.0,
        "weight_volume": 0.45886065548379057,
        "weight_trend": 0.5216973901425589
      },
      "fitness": 133.60372821349824,
      "returns": 20.848169513333332,
      "sharpe": 6.215027052746227,
      "max_drawdown": -0.016078394355696714,
      "win_rate": 0.41111111111111115,
      "trade_count": 7.333333333333333
    },
    {
      "id": 16,
      "gene": {
        "ma_fast": 13,
        "ma_slow": 36,
        "ma_signal": 11,
        "rsi_period": 17,
        "rsi_overbought": 77,
        "rsi_oversold": 34,
        "volume_ma_period": 10,
        "volume_multiplier": 1.1283956903229813,
        "position_size": 0.490137798844865,
        "stop_loss_pct": 0.025829528912110076,
        "take_profit_pct": 0.12779997329820847,
        "max_hold_days": 5,
        "weight_ma_cross": 0.018724943099153957,
        "weight_rsi_signal": 0.036879588374530495,
        "weight_volume": 0.4419380633882811,
        "weight_trend": 0.5024574051380345
      },
      "fitness": 133.60372821349824,
      "returns": 20.848169513333332,
      "sharpe": 6.215027052746227,
      "max_drawdown": -0.016078394355696714,
      "win_rate": 0.41111111111111115,
      "trade_count": 7.333333333333333
    },
    {
      "id": 20,
      "gene": {
        "ma_fast": 10,
        "ma_slow": 50,
        "ma_signal": 9,
        "rsi_period": 9,
        "rsi_overbought": 75,
        "rsi_oversold": 28,
        "volume_ma_period": 8,
        "volume_multiplier": 1.63,
        "position_size": 0.53,
        "stop_loss_pct": 0.0459,
        "take_profit_pct": 0.1556,
        "max_hold_days": 10,
        "weight_ma_cross": 0.0349,
        "weight_rsi_signal": 0.1194,
        "weight_volume": 0.4619,
        "weight_trend": 0.3838
      },
      "fitness": 0.0,
      "returns": 0.0,
      "sharpe": 0.0,
      "max_drawdown": 0.0,
      "win_rate": 0.0,
      "trade_count": 0
    },
    {
      "id": 21,
      "gene": {
        "ma_fast": 8,
        "ma_slow": 33,
        "ma_signal": 9,
        "rsi_period": 6,
        "rsi_overbought": 80,
        "rsi_oversold": 30,
        "volume_ma_period": 11,
        "volume_multiplier": 1.97,
        "position_size": 0.55,
        "stop_loss_pct": 0.0442,
        "take_profit_pct": 0.1416,
        "max_hold_days": 3,
        "weight_ma_cross": 0.1465,
        "weight_rsi_signal": 0.1258,
        "weight_volume": 0.2842,
        "weight_trend": 0.4436
      },
      "fitness": 0.0,
      "returns": 0.0,
      "sharpe": 0.0,
      "max_drawdown": 0.0,
      "win_rate": 0.0,
      "trade_count": 0
    },
    {
      "id": 22,
      "gene": {
        "ma_fast": 10,
        "ma_slow": 50,
        "ma_signal": 14,
        "rsi_period": 6,
        "rsi_overbought": 80,
        "rsi_oversold": 28,
        "volume_ma_period": 8,
        "volume_multiplier": 1.6,
        "position_size": 0.53,
        "stop_loss_pct": 0.0214,
        "take_profit_pct": 0.0863,
        "max_hold_days": 3,
        "weight_ma_cross": 0.28,
        "weight_rsi_signal": 0.1758,
        "weight_volume": 0.2651,
        "weight_trend": 0.2791
      },
      "fitness": 0.0,
      "returns": 0.0,
      "sharpe": 0.0,
      "max_drawdown": 0.0,
      "win_rate": 0.0,
      "trade_count": 0
    },
    {
      "id": 23,
      "gene": {
        "ma_fast": 8,
        "ma_slow": 44,
        "ma_signal": 16,
        "rsi_period": 14,
        "rsi_overbought": 77,
        "rsi_oversold": 20,
        "volume_ma_period": 20,
        "volume_multiplier": 1.5,
        "position_size": 0.5,
        "stop_loss_pct": 0.0386,
        "take_profit_pct": 0.158,
        "max_hold_days": 5,
        "weight_ma_cross": 0.0595,
        "weight_rsi_signal": 0.0856,
        "weight_volume": 0.3235,
        "weight_trend": 0.5314
      },
      "fitness": 0.0,
      "returns": 0.0,
      "sharpe": 0.0,
      "max_drawdown": 0.0,
      "win_rate": 0.0,
      "trade_count": 0
    },
    {
      "id": 24,
      "gene": {
        "ma_fast": 5,
        "ma_slow": 36,
        "ma_signal": 9,
        "rsi_period": 6,
        "rsi_overbought": 80,
        "rsi_oversold": 30,
        "volume_ma_period": 20,
        "volume_multiplier": 1.09,
        "position_size": 0.39,
        "stop_loss_pct": 0.047,
        "take_profit_pct": 0.128,
        "max_hold_days": 3,
        "weight_ma_cross": 0.1209,
        "weight_rsi_signal": 0.2123,
        "weight_volume": 0.2118,
        "weight_trend": 0.455
      },
      "fitness": 0.0,
      "returns": 0.0,
      "sharpe": 0.0,
      "max_drawdown": 0.0,
      "win_rate": 0.0,
      "trade_count": 0
    },
    {
      "id": 25,
      "gene": {
        "ma_fast": 13,
        "ma_slow": 40,
        "ma_signal": 11,
        "rsi_period": 17,
        "rsi_overbought": 72,
        "rsi_oversold": 25,
        "volume_ma_period": 10,
        "volume_multiplier": 1.87,
        "position_size": 0.34,
        "stop_loss_pct": 0.0451,
        "take_profit_pct": 0.1103,
        "max_hold_days": 10,
        "weight_ma_cross": 0.1831,
        "weight_rsi_signal": 0.1836,
        "weight_volume": 0.3101,
        "weight_trend": 0.3232
      },
      "fitness": 0.0,
      "returns": 0.0,
      "sharpe": 0.0,
      "max_drawdown": 0.0,
      "win_rate": 0.0,
      "trade_count": 0
    },
    {
      "id": 26,
      "gene": {
        "ma_fast": 20,
        "ma_slow": 44,
        "ma_signal": 9,
        "rsi_period": 12,
        "rsi_overbought": 75,
        "rsi_oversold": 28,
        "volume_ma_period": 5,
        "volume_multiplier": 1.3,
        "position_size": 0.22,
        "stop_loss_pct": 0.0437,
        "take_profit_pct": 0.1204,
        "max_hold_days": 10,
        "weight_ma_cross": 0.0439,
        "weight_rsi_signal": 0.0543,
        "weight_volume": 0.4278,
        "weight_trend": 0.474
      },
      "fitness": 0.0,
      "returns": 0.0,
      "sharpe": 0.0,
      "max_drawdown": 0.0,
      "win_rate": 0.0,
      "trade_count": 0
    },
    {
      "id": 27,
      "gene": {
        "ma_fast": 20,
        "ma_slow": 50,
        "ma_signal": 5,
        "rsi_period": 6,
        "rsi_overbought": 70,
        "rsi_oversold": 20,
        "volume_ma_period": 10,
        "volume_multiplier": 1.92,
        "position_size": 0.52,
        "stop_loss_pct": 0.038,
        "take_profit_pct": 0.1351,
        "max_hold_days": 4,
        "weight_ma_cross": 0.143,
        "weight_rsi_signal": 0.2666,
        "weight_volume": 0.3411,
        "weight_trend": 0.2493
      },
      "fitness": 0.0,
      "returns": 0.0,
      "sharpe": 0.0,
      "max_drawdown": 0.0,
      "win_rate": 0.0,