{
  "pool_size": 20,
  "strategies": [
    {
      "id": 0,
      "gene": {
        "ma_fast": 8,
        "ma_slow": 55,
        "ma_signal": 14,
        "rsi_period": 16,
        "rsi_overbought": 77,
        "rsi_oversold": 24,
        "volume_ma_period": 19,
        "volume_multiplier": 1.2629409571939907,
        "position_size": 0.4892407908871699,
        "stop_loss_pct": 0.06540474309524166,
        "take_profit_pct": 0.08360059293240243,
        "max_hold_days": 19,
        "weight_ma_cross": 0.37740606211445327,
        "weight_rsi_signal": 0.09933186297424601,
        "weight_volume": 0.13393993869222365,
        "weight_trend": 0.38932213621907713
      },
      "fitness": 0.0,
      "returns": 0.0,
      "sharpe": 0.0,
      "max_drawdown": 0.0,
      "win_rate": 0.0,
      "trade_count": 0
    },
    {
      "id": 1,
      "gene": {
        "ma_fast": 16,
        "ma_slow": 53,
        "ma_signal": 6,
        "rsi_period": 10,
        "rsi_overbought": 78,
        "rsi_oversold": 30,
        "volume_ma_period": 14,
        "volume_multiplier": 1.540300251888473,
        "position_size": 0.3355639721148205,
        "stop_loss_pct": 0.07063044353368236,
        "take_profit_pct": 0.1067030357533047,
        "max_hold_days": 8,
        "weight_ma_cross": 0.34387511926977443,
        "weight_rsi_signal": 0.34689984081617903,
        "weight_volume": 0.09820940007590148,
        "weight_trend": 0.21101563983814503
      },
      "fitness": 0.0,
      "returns": 0.0,
      "sharpe": 0.0,
      "max_drawdown": 0.0,
      "win_rate": 0.0,
      "trade_count": 0
    },
    {
      "id": 2,
      "gene": {
        "ma_fast": 18,
        "ma_slow": 25,
        "ma_signal": 10,
        "rsi_period": 19,
        "rsi_overbought": 68,
        "rsi_oversold": 25,
        "volume_ma_period": 13,
        "volume_multiplier": 1.2671806665183014,
        "position_size": 0.4402688757096177,
        "stop_loss_pct": 0.05008555989313683,
        "take_profit_pct": 0.13513564445675974,
        "max_hold_days": 17,
        "weight_ma_cross": 0.2629611120747436,
        "weight_rsi_signal": 0.1699989943574405,
        "weight_volume": 0.30994004874112085,
        "weight_trend": 0.257099844826695
      },
      "fitness": 0.0,
      "returns": 0.0,
      "sharpe": 0.0,
      "max_drawdown": 0.0,
      "win_rate": 0.0,
      "trade_count": 0
    },
    {
      "id": 3,
      "gene": {
        "ma_fast": 9,
        "ma_slow": 48,
        "ma_signal": 13,
        "rsi_period": 19,
        "rsi_overbought": 78,
        "rsi_oversold": 22,
        "volume_ma_period": 9,
        "volume_multiplier": 1.4610425763626036,
        "position_size": 0.14978467894826825,
        "stop_loss_pct": 0.078966639106442,
        "take_profit_pct": 0.14873327594371477,
        "max_hold_days": 9,
        "weight_ma_cross": 0.2833528669543464,
        "weight_rsi_signal": 0.5202365162563827,
        "weight_volume": 0.024442812061056644,
        "weight_trend": 0.17196780472821424
      },
      "fitness": 0.0,
      "returns": 0.0,
      "sharpe": 0.0,
      "max_drawdown": 0.0,
      "win_rate": 0.0,
      "trade_count": 0
    },
    {
      "id": 4,
      "gene": {
        "ma_fast": 13,
        "ma_slow": 24,
        "ma_signal": 14,
        "rsi_period": 10,
        "rsi_overbought": 77,
        "rsi_oversold": 33,
        "volume_ma_period": 19,
        "volume_multiplier": 1.2629409571939907,
        "position_size": 0.13320518477165172,
        "stop_loss_pct": 0.04246718186893465,
        "take_profit_pct": 0.09390702160951944,
        "max_hold_days": 13,
        "weight_ma_cross": 0.17634448659447263,
        "weight_rsi_signal": 0.3409751343916737,
        "weight_volume": 0.18794480509704115,
        "weight_trend": 0.29473557391681254
      },
      "fitness": 0.0,
      "returns": 0.0,
      "sharpe": 0.0,
      "max_drawdown": 0.0,
      "win_rate": 0.0,
      "trade_count": 0
    },
    {
      "id": 5,
      "gene": {
        "ma_fast": 18,
        "ma_slow": 25,
        "ma_signal": 10,
        "rsi_period": 16,
        "rsi_overbought": 76,
        "rsi_oversold": 25,
        "volume_ma_period": 13,
        "volume_multiplier": 1.2394751909449777,
        "position_size": 0.43402036253443,
        "stop_loss_pct": 0.078966639106442,
        "take_profit_pct": 0.14873327594371477,
        "max_hold_days": 17,
        "weight_ma_cross": 0.20906946962513664,
        "weight_rsi_signal": 0.31342491121265964,
        "weight_volume": 0.3830097821804756,
        "weight_trend": 0.09449583698172809
      },
      "fitness": 0.0,
      "returns": 0.0,
      "sharpe": 0.0,
      "max_drawdown": 0.0,
      "win_rate": 0.0,
      "trade_count": 0
    },
    {
      "id": 6,
      "gene": {
        "ma_fast": 10,
        "ma_slow": 20,
        "ma_signal": 6,
        "rsi_period": 7,
        "rsi_overbought": 78,
        "rsi_oversold": 30,
        "volume_ma_period": 12,
        "volume_multiplier": 1.6117603493295942,
        "position_size": 0.3355639721148205,
        "stop_loss_pct": 0.07063044353368236,
        "take_profit_pct": 0.11360301006969185,
        "max_hold_days": 8,
        "weight_ma_cross": 0.42477646902713884,
        "weight_rsi_signal": 0.1593763559411713,
        "weight_volume": 0.07691477364733221,
        "weight_trend": 0.3389324013843576
      },
      "fitness": 0.0,
      "returns": 0.0,
      "sharpe": 0.0,
      "max_drawdown": 0.0,
      "win_rate": 0.0,
      "trade_count": 0
    },
    {
      "id": 7,
      "gene": {
        "ma_fast": 18,
        "ma_slow": 25,
        "ma_signal": 10,
        "rsi_period": 21,
        "rsi_overbought": 73,
        "rsi_oversold": 25,
        "volume_ma_period": 13,
        "volume_multiplier": 1.676326374160631,
        "position_size": 0.4402688757096177,
        "stop_loss_pct": 0.042280259320008784,
        "take_profit_pct": 0.11157806583588314,
        "max_hold_days": 15,
        "weight_ma_cross": 0.46457739172495943,
        "weight_rsi_signal": 0.09999509307116201,
        "weight_volume": 0.1741316370287556,
        "weight_trend": 0.261295878175123
      },
      "fitness": 0.0,
      "returns": 0.0,
      "sharpe": 0.0,
      "max_drawdown": 0.0,
      "win_rate": 0.0,
      "trade_count": 0
    },
    {
      "id": 8,
      "gene": {
        "ma_fast": 20,
        "ma_slow": 58,
        "ma_signal": 6,
        "rsi_period": 8,
        "rsi_overbought": 78,
        "rsi_oversold": 20,
        "volume_ma_period": 29,
        "volume_multiplier": 1.676326374160631,
        "position_size": 0.34631805472412946,
        "stop_loss_pct": 0.037315396290609135,
        "take_profit_pct": 0.11635904938926231,
        "max_hold_days": 15,
        "weight_ma_cross": 0.0070671731497847015,
        "weight_rsi_signal": 0.1476876875599201,
        "weight_volume": 0.4582336442988416,
        "weight_trend": 0.38701149499145354
      },
      "fitness": 0.0,
      "returns": 0.0,
      "sharpe": 0.0,
      "max_drawdown": 0.0,
      "win_rate": 0.0,
      "trade_count": 0
    },
    {
      "id": 9,
      "gene": {
        "ma_fast": 10,
        "ma_slow": 36,
        "ma_signal": 10,
        "rsi_period": 14,
        "rsi_overbought": 76,
        "rsi_oversold": 31,
        "volume_ma_period": 19,
        "volume_multiplier": 1.7192438220191075,
        "position_size": 0.4791575831724494,
        "stop_loss_pct": 0.051209102522568606,
        "take_profit_pct": 0.09513621912094364,
        "max_hold_days": 6,
        "weight_ma_cross": 0.032238088211648044,
        "weight_rsi_signal": 0.37622638970727074,
        "weight_volume": 0.22887894482013754,
        "weight_trend": 0.36265657726094364
      },
      "fitness": 0.0,
      "returns": 0.0,
      "sharpe": 0.0,
      "max_drawdown": 0.0,
      "win_rate": 0.0,
      "trade_count": 0
    },
    {
      "id": 10,
      "gene": {
        "ma_fast": 9,
        "ma_slow": 35,
        "ma_signal": 13,
        "rsi_period": 16,