{
  "pool_size": 20,
  "strategies": [
    {
      "id": 15,
      "gene": {
        "ma_fast": 25,
        "ma_slow": 25,
        "ma_signal": 3,
        "rsi_period": 18,
        "rsi_overbought": 70,
        "rsi_oversold": 17,
        "volume_ma_period": 13,
        "volume_multiplier": 1.2671806665183014,
        "position_size": 0.43402014095019525,
        "stop_loss_pct": 0.0371078884444526,
        "take_profit_pct": 0.11635904938926231,
        "max_hold_days": 4,
        "weight_ma_cross": 0.4508567030386564,
        "weight_rsi_signal": 0.0,
        "weight_volume": 0.0,
        "weight_trend": 0.5491432969613436
      },
      "fitness": 412.50778444807685,
      "returns": 54.67347853,
      "sharpe": 7.495815279637691,
      "max_drawdown": -0.0115267621041875,
      "win_rate": 0.5062662337662338,
      "trade_count": 10.8
    },
    {
      "id": 12,
      "gene": {
        "ma_fast": 22,
        "ma_slow": 36,
        "ma_signal": 4,
        "rsi_period": 18,
        "rsi_overbought": 69,
        "rsi_oversold": 33,
        "volume_ma_period": 15,
        "volume_multiplier": 1.2671806665183014,
        "position_size": 0.43402014095019525,
        "stop_loss_pct": 0.03942773453581711,
        "take_profit_pct": 0.11635904938926231,
        "max_hold_days": 4,
        "weight_ma_cross": 0.32197007204947,
        "weight_rsi_signal": 0.0,
        "weight_volume": 0.0,
        "weight_trend": 0.6780299279505301
      },
      "fitness": 412.3971984750445,
      "returns": 54.668621392,
      "sharpe": 7.495498817740618,
      "max_drawdown": -0.011663806014534981,
      "win_rate": 0.5062662337662338,
      "trade_count": 10.8
    },
    {
      "id": 18,
      "gene": {
        "ma_fast": 13,
        "ma_slow": 25,
        "ma_signal": 3,
        "rsi_period": 14,
        "rsi_overbought": 76,
        "rsi_oversold": 21,
        "volume_ma_period": 15,
        "volume_multiplier": 1.2075014058707099,
        "position_size": 0.4173605016464975,
        "stop_loss_pct": 0.03544246890776005,
        "take_profit_pct": 0.12953075472015008,
        "max_hold_days": 4,
        "weight_ma_cross": 0.3858769704268111,
        "weight_rsi_signal": 0.0334242833419826,
        "weight_volume": 0.0,
        "weight_trend": 0.5806987462312064
      },
      "fitness": 348.2990514425444,
      "returns": 46.020757668,
      "sharpe": 7.491918630109457,
      "max_drawdown": -0.01128842846912481,
      "win_rate": 0.49717532467532466,
      "trade_count": 10.8
    },
    {
      "id": 3,
      "gene": {
        "ma_fast": 13,
        "ma_slow": 19,
        "ma_signal": 3,
        "rsi_period": 14,
        "rsi_overbought": 71,
        "rsi_oversold": 21,
        "volume_ma_period": 13,
        "volume_multiplier": 1.2271873099105197,
        "position_size": 0.4159594427312856,
        "stop_loss_pct": 0.0371078884444526,
        "take_profit_pct": 0.13747924800358227,
        "max_hold_days": 4,
        "weight_ma_cross": 0.3319360572166204,
        "weight_rsi_signal": 0.033328117209941305,
        "weight_volume": 0.0,
        "weight_trend": 0.6347358255734383
      },
      "fitness": 0.0,
      "returns": 0.0,
      "sharpe": 0.0,
      "max_drawdown": 0.0,
      "win_rate": 0.0,
      "trade_count": 0
    },
    {
      "id": 4,
      "gene": {
        "ma_fast": 13,
        "ma_slow": 23,
        "ma_signal": 3,
        "rsi_period": 14,
        "rsi_overbought": 76,
        "rsi_oversold": 21,
        "volume_ma_period": 15,
        "volume_multiplier": 1.2075014058707099,
        "position_size": 0.4173605016464975,
        "stop_loss_pct": 0.03030375489504094,
        "take_profit_pct": 0.11614858205095262,
        "max_hold_days": 4,
        "weight_ma_cross": 0.34311127464720254,
        "weight_rsi_signal": 0.13268520090863425,
        "weight_volume": 0.0,
        "weight_trend": 0.5242035244441632
      },
      "fitness": 0.0,
      "returns": 0.0,
      "sharpe": 0.0,
      "max_drawdown": 0.0,
      "win_rate": 0.0,
      "trade_count": 0
    },
    {
      "id": 5,
      "gene": {
        "ma_fast": 10,
        "ma_slow": 25,
        "ma_signal": 3,
        "rsi_period": 14,
        "rsi_overbought": 64,
        "rsi_oversold": 17,
        "volume_ma_period": 15,
        "volume_multiplier": 1.2671806665183014,
        "position_size": 0.3999186991449169,
        "stop_loss_pct": 0.03030375489504094,
        "take_profit_pct": 0.11635904938926231,
        "max_hold_days": 4,
        "weight_ma_cross": 0.35696715319285777,
        "weight_rsi_signal": 0.13804343354172469,
        "weight_volume": 0.13114778231576127,
        "weight_trend": 0.37384163094965633
      },
      "fitness": 0.0,
      "returns": 0.0,
      "sharpe": 0.0,
      "max_drawdown": 0.0,
      "win_rate": 0.0,
      "trade_count": 0
    },
    {
      "id": 6,
      "gene": {
        "ma_fast": 15,
        "ma_slow": 25,
        "ma_signal": 4,
        "rsi_period": 12,
        "rsi_overbought": 70,
        "rsi_oversold": 16,
        "volume_ma_period": 18,
        "volume_multiplier": 1.351626394579627,
        "position_size": 0.4116449538167195,
        "stop_loss_pct": 0.0443237277099846,
        "take_profit_pct": 0.11988192229563814,
        "max_hold_days": 4,
        "weight_ma_cross": 0.3394615640525194,
        "weight_rsi_signal": 0.10624199636568556,
        "weight_volume": 0.06613418254150855,
        "weight_trend": 0.48816225704028654
      },
      "fitness": 0.0,
      "returns": 0.0,
      "sharpe": 0.0,
      "max_drawdown": 0.0,
      "win_rate": 0.0,
      "trade_count": 0
    },
    {
      "id": 7,
      "gene": {
        "ma_fast": 25,
        "ma_slow": 25,
        "ma_signal": 2,
        "rsi_period": 18,
        "rsi_overbought": 76,
        "rsi_oversold": 17,
        "volume_ma_period": 15,
        "volume_multiplier": 1.2671806665183014,
        "position_size": 0.4529107798021193,
        "stop_loss_pct": 0.0371078884444526,
        "take_profit_pct": 0.11955118036847275,
        "max_hold_days": 4,
        "weight_ma_cross": 0.36877525431952396,
        "weight_rsi_signal": 0.04289255549763361,
        "weight_volume": 0.07388953333306543,
        "weight_trend": 0.5144426568497769
      },
      "fitness": 0.0,
      "returns": 0.0,
      "sharpe": 0.0,
      "max_drawdown": 0.0,
      "win_rate": 0.0,
      "trade_count": 0
    },
    {
      "id": 8,
      "gene": {
        "ma_fast": 25,
        "ma_slow": 25,
        "ma_signal": 3,
        "rsi_period": 15,
        "rsi_overbought": 70,
        "rsi_oversold": 17,
        "volume_ma_period": 13,
        "volume_multiplier": 1.169002289486222,
        "position_size": 0.43402014095019525,
        "stop_loss_pct": 0.0371078884444526,
        "take_profit_pct": 0.12953075472015008,
        "max_hold_days": 4,
        "weight_ma_cross": 0.31117147339544204,
        "weight_rsi_signal": 0.12626904807353606,
        "weight_volume": 0.0,
        "weight_trend": 0.562559478531022
      },
      "fitness": 0.0,
      "returns": 0.0,
      "sharpe": 0.0,
      "max_drawdown": 0.0,
      "win_rate": 0.0,
      "trade_count": 0
    },
    {
      "id": 9,
      "gene": {
        "ma_fast": 25,
        "ma_slow": 18,
        "ma_signal": 3,
        "rsi_period": 18,
        "rsi_overbought": 71,
        "rsi_oversold": 18,
        "volume_ma_period": 13,
        "volume_multiplier": 1.3140154294722715,
        "position_size": 0.4116449538167195,
        "stop_loss_pct": 0.03476436625423948,
        "take_profit_pct": 0.13747924800358227,
        "max_hold_days": 4,
        "weight_ma_cross": 0.3786518578638781,
        "weight_rsi_signal": 0.0,
        "weight_volume": 0.03971309228369242,
        "weight_trend": 0.5816350498524295
      },
      "fitness": 0.0,
      "returns": 0.0,
      "sharpe": 0.0,
      "max_drawdown": 0.0,
      "win_rate": 0.0,
      "trade_count": 0
    },
    {
      "id": 10,
      "gene": {
        "ma_fast": 13,
        "ma_slow": 27,