{
  "pool_size": 20,
  "strategies": [
    {
      "id": 0,
      "gene": {
        "ma_fast": 12,
        "ma_slow": 35,
        "ma_signal": 11,
        "rsi_period": 8,
        "rsi_overbought": 74,
        "rsi_oversold": 23,
        "volume_ma_period": 28,
        "volume_multiplier": 1.2565770752290415,
        "position_size": 0.4521456521700069,
        "stop_loss_pct": 0.062323878070376725,
        "take_profit_pct": 0.12626620331509356,
        "max_hold_days": 16,
        "weight_ma_cross": 0.2797893432931033,
        "weight_rsi_signal": 0.3208055694514066,
        "weight_volume": 0.37073724377662837,
        "weight_trend": 0.0286678434788618
      },
      "fitness": 1.5,
      "returns": 0.1,
      "sharpe": 0.8,
      "max_drawdown": 0.05,
      "win_rate": 0.6,
      "trade_count": 10
    },
    {
      "id": 1,
      "gene": {
        "ma_fast": 12,
        "ma_slow": 54,
        "ma_signal": 12,
        "rsi_period": 10,
        "rsi_overbought": 65,
        "rsi_oversold": 26,
        "volume_ma_period": 20,
        "volume_multiplier": 1.2065410760650095,
        "position_size": 0.3673015874604061,
        "stop_loss_pct": 0.0793710485482434,
        "take_profit_pct": 0.12636983127892853,
        "max_hold_days": 9,
        "weight_ma_cross": 0.3750174347908482,
        "weight_rsi_signal": 0.23690478270788018,
        "weight_volume": 0.024641868285712305,
        "weight_trend": 0.3634359142155593
      },
      "fitness": 0.0,
      "returns": 0.0,
      "sharpe": 0.0,
      "max_drawdown": 0.0,
      "win_rate": 0.0,
      "trade_count": 0
    },
    {
      "id": 2,
      "gene": {
        "ma_fast": 7,
        "ma_slow": 29,
        "ma_signal": 6,
        "rsi_period": 14,
        "rsi_overbought": 71,
        "rsi_oversold": 24,
        "volume_ma_period": 28,
        "volume_multiplier": 1.6937307020165564,
        "position_size": 0.17598178065136347,
        "stop_loss_pct": 0.03695073801137796,
        "take_profit_pct": 0.13572017980025652,
        "max_hold_days": 17,
        "weight_ma_cross": 0.27717439549648887,
        "weight_rsi_signal": 0.1317503915513968,
        "weight_volume": 0.32196503724115494,
        "weight_trend": 0.26911017571095935
      },
      "fitness": 0.0,
      "returns": 0.0,
      "sharpe": 0.0,
      "max_drawdown": 0.0,
      "win_rate": 0.0,
      "trade_count": 0
    },
    {
      "id": 3,
      "gene": {
        "ma_fast": 20,
        "ma_slow": 36,
        "ma_signal": 13,
        "rsi_period": 12,
        "rsi_overbought": 77,
        "rsi_oversold": 22,
        "volume_ma_period": 11,
        "volume_multiplier": 1.5845059823833343,
        "position_size": 0.4561090277733858,
        "stop_loss_pct": 0.06178895522801835,
        "take_profit_pct": 0.09191811885439163,
        "max_hold_days": 17,
        "weight_ma_cross": 0.08419094413652983,
        "weight_rsi_signal": 0.525425453595621,
        "weight_volume": 0.29587663958526716,
        "weight_trend": 0.09450696268258206
      },
      "fitness": 0.0,
      "returns": 0.0,
      "sharpe": 0.0,
      "max_drawdown": 0.0,
      "win_rate": 0.0,
      "trade_count": 0
    },
    {
      "id": 4,
      "gene": {
        "ma_fast": 11,
        "ma_slow": 32,
        "ma_signal": 14,
        "rsi_period": 8,
        "rsi_overbought": 80,
        "rsi_oversold": 25,
        "volume_ma_period": 17,
        "volume_multiplier": 1.9227738369207699,
        "position_size": 0.19355703836128862,
        "stop_loss_pct": 0.06056481188029192,
        "take_profit_pct": 0.11500985056171456,
        "max_hold_days": 10,
        "weight_ma_cross": 0.34959940635757203,
        "weight_rsi_signal": 0.22125266791171308,
        "weight_volume": 0.3265652876203759,
        "weight_trend": 0.102582638110339
      },
      "fitness": 0.0,
      "returns": 0.0,
      "sharpe": 0.0,
      "max_drawdown": 0.0,
      "win_rate": 0.0,
      "trade_count": 0
    },
    {
      "id": 5,
      "gene": {
        "ma_fast": 15,
        "ma_slow": 56,
        "ma_signal": 9,
        "rsi_period": 20,
        "rsi_overbought": 68,
        "rsi_oversold": 28,
        "volume_ma_period": 10,
        "volume_multiplier": 1.2093485537867001,
        "position_size": 0.4757327522436342,
        "stop_loss_pct": 0.06616957357200716,
        "take_profit_pct": 0.11498477688450318,
        "max_hold_days": 10,
        "weight_ma_cross": 0.05393877578910394,
        "weight_rsi_signal": 0.4557456617725153,
        "weight_volume": 0.3917430109179841,
        "weight_trend": 0.09857255152039665
      },
      "fitness": 0.0,
      "returns": 0.0,
      "sharpe": 0.0,
      "max_drawdown": 0.0,
      "win_rate": 0.0,
      "trade_count": 0
    },
    {
      "id": 6,
      "gene": {
        "ma_fast": 15,
        "ma_slow": 46,
        "ma_signal": 15,
        "rsi_period": 8,
        "rsi_overbought": 80,
        "rsi_oversold": 27,
        "volume_ma_period": 30,
        "volume_multiplier": 1.547268068753537,
        "position_size": 0.27100917709071737,
        "stop_loss_pct": 0.0652959824674926,
        "take_profit_pct": 0.10266690631138413,
        "max_hold_days": 20,
        "weight_ma_cross": 0.33341188317041875,
        "weight_rsi_signal": 0.19914981314038702,
        "weight_volume": 0.3158368714150946,
        "weight_trend": 0.15160143227409953
      },
      "fitness": 0.0,
      "returns": 0.0,
      "sharpe": 0.0,
      "max_drawdown": 0.0,
      "win_rate": 0.0,
      "trade_count": 0
    },
    {
      "id": 7,
      "gene": {
        "ma_fast": 18,
        "ma_slow": 32,
        "ma_signal": 6,
        "rsi_period": 15,
        "rsi_overbought": 76,
        "rsi_oversold": 26,
        "volume_ma_period": 13,
        "volume_multiplier": 1.3630715520972738,
        "position_size": 0.46934061751509115,
        "stop_loss_pct": 0.06995173964769104,
        "take_profit_pct": 0.09532297493838279,
        "max_hold_days": 19,
        "weight_ma_cross": 0.26518976857228677,
        "weight_rsi_signal": 0.2776712123333551,
        "weight_volume": 0.30131716014064047,
        "weight_trend": 0.1558218589537177
      },
      "fitness": 0.0,
      "returns": 0.0,
      "sharpe": 0.0,
      "max_drawdown": 0.0,
      "win_rate": 0.0,
      "trade_count": 0
    },
    {
      "id": 8,
      "gene": {
        "ma_fast": 11,
        "ma_slow": 47,
        "ma_signal": 8,
        "rsi_period": 15,
        "rsi_overbought": 71,
        "rsi_oversold": 20,
        "volume_ma_period": 16,
        "volume_multiplier": 1.9094232314017219,
        "position_size": 0.3062160099126624,
        "stop_loss_pct": 0.04887230579474769,
        "take_profit_pct": 0.08100087367372394,
        "max_hold_days": 14,
        "weight_ma_cross": 0.17024452083871358,
        "weight_rsi_signal": 0.025931315360808064,
        "weight_volume": 0.41183542748844393,
        "weight_trend": 0.3919887363120344
      },
      "fitness": 0.0,
      "returns": 0.0,
      "sharpe": 0.0,
      "max_drawdown": 0.0,
      "win_rate": 0.0,
      "trade_count": 0
    },
    {
      "id": 9,
      "gene": {
        "ma_fast": 20,
        "ma_slow": 56,
        "ma_signal": 6,
        "rsi_period": 18,
        "rsi_overbought": 70,
        "rsi_oversold": 35,
        "volume_ma_period": 30,
        "volume_multiplier": 1.9169440099188506,
        "position_size": 0.1804908699310373,
        "stop_loss_pct": 0.049467363385035976,
        "take_profit_pct": 0.11989560173631292,
        "max_hold_days": 14,
        "weight_ma_cross": 0.33434453864803887,
        "weight_rsi_signal": 0.162749516755105,
        "weight_volume": 0.1967135856272004,
        "weight_trend": 0.30619235896965574
      },
      "fitness": 0.0,
      "returns": 0.0,
      "sharpe": 0.0,
      "max_drawdown": 0.0,
      "win_rate": 0.0,
      "trade_count": 0
    },
    {
      "id": 10,
      "gene": {
        "ma_fast": 19,
        "ma_slow": 50,
        "ma_signal": 15,
        "rsi_period": 21,