{
  "pool_size": 20,
  "strategies": [
    {
      "id": 7,
      "gene": {
        "ma_fast": 16,
        "ma_slow": 55,
        "ma_signal": 4,
        "rsi_period": 8,
        "rsi_overbought": 67,
        "rsi_oversold": 32,
        "volume_ma_period": 22,
        "volume_multiplier": 1.729414181338617,
        "position_size": 0.3952684202129465,
        "stop_loss_pct": 0.03949279466210029,
        "take_profit_pct": 0.10270780404553452,
        "max_hold_days": 5,
        "weight_ma_cross": 0.06458876684634246,
        "weight_rsi_signal": 0.09045219049856022,
        "weight_volume": 0.23226844745232714,
        "weight_trend": 0.6126905952027701
      },
      "fitness": 106.44684851977165,
      "returns": 15.582563316273635,
      "sharpe": 6.5121014576379705,
      "max_drawdown": -0.014265434249026179,
      "win_rate": 0.5177200577200576,
      "trade_count": 8.5
    },
    {
      "id": 6,
      "gene": {
        "ma_fast": 14,
        "ma_slow": 56,
        "ma_signal": 4,
        "rsi_period": 8,
        "rsi_overbought": 77,
        "rsi_oversold": 32,
        "volume_ma_period": 21,
        "volume_multiplier": 1.2130719950400994,
        "position_size": 0.3952684202129465,
        "stop_loss_pct": 0.05452473564691927,
        "take_profit_pct": 0.11588520817464278,
        "max_hold_days": 5,
        "weight_ma_cross": 0.32272163474026083,
        "weight_rsi_signal": 0.07930586958216927,
        "weight_volume": 0.23075131162474088,
        "weight_trend": 0.36722118405282905
      },
      "fitness": 35.80677592182379,
      "returns": 5.965639691102439,
      "sharpe": 5.2390440858625995,
      "max_drawdown": -0.018812155374581425,
      "win_rate": 0.5080952380952382,
      "trade_count": 5.8
    },
    {
      "id": 15,
      "gene": {
        "ma_fast": 16,
        "ma_slow": 55,
        "ma_signal": 15,
        "rsi_period": 16,
        "rsi_overbought": 67,
        "rsi_oversold": 34,
        "volume_ma_period": 29,
        "volume_multiplier": 1.7215681819179558,
        "position_size": 0.4085452843068663,
        "stop_loss_pct": 0.039072332548796974,
        "take_profit_pct": 0.10270780404553452,
        "max_hold_days": 9,
        "weight_ma_cross": 0.06416688460914227,
        "weight_rsi_signal": 0.08986137301820836,
        "weight_volume": 0.24324531058489168,
        "weight_trend": 0.6027264317877576
      },
      "fitness": 35.80677592182379,
      "returns": 5.965639691102439,
      "sharpe": 5.2390440858625995,
      "max_drawdown": -0.018812155374581425,
      "win_rate": 0.5080952380952382,
      "trade_count": 5.8
    },
    {
      "id": 3,
      "gene": {
        "ma_fast": 22,
        "ma_slow": 27,
        "ma_signal": 4,
        "rsi_period": 8,
        "rsi_overbought": 78,
        "rsi_oversold": 32,
        "volume_ma_period": 22,
        "volume_multiplier": 1.8792470566767323,
        "position_size": 0.3952684202129465,
        "stop_loss_pct": 0.03949279466210029,
        "take_profit_pct": 0.10270780404553452,
        "max_hold_days": 5,
        "weight_ma_cross": 0.10540906752798745,
        "weight_rsi_signal": 0.04523531559578436,
        "weight_volume": 0.3790628255896109,
        "weight_trend": 0.4702927912866173
      },
      "fitness": 0.0,
      "returns": 0.0,
      "sharpe": 0.0,
      "max_drawdown": 0.0,
      "win_rate": 0.0,
      "trade_count": 0
    },
    {
      "id": 4,
      "gene": {
        "ma_fast": 16,
        "ma_slow": 58,
        "ma_signal": 4,
        "rsi_period": 8,
        "rsi_overbought": 64,
        "rsi_oversold": 36,
        "volume_ma_period": 27,
        "volume_multiplier": 1.729414181338617,
        "position_size": 0.4000851509590817,
        "stop_loss_pct": 0.05267916756077638,
        "take_profit_pct": 0.11487364375577791,
        "max_hold_days": 5,
        "weight_ma_cross": 0.06073682683345291,
        "weight_rsi_signal": 0.0013335374705613413,
        "weight_volume": 0.3071455594357523,
        "weight_trend": 0.6307840762602335
      },
      "fitness": 0.0,
      "returns": 0.0,
      "sharpe": 0.0,
      "max_drawdown": 0.0,
      "win_rate": 0.0,
      "trade_count": 0
    },
    {
      "id": 5,
      "gene": {
        "ma_fast": 16,
        "ma_slow": 55,
        "ma_signal": 15,
        "rsi_period": 16,
        "rsi_overbought": 67,
        "rsi_oversold": 34,
        "volume_ma_period": 29,
        "volume_multiplier": 1.7215681819179558,
        "position_size": 0.4085452843068663,
        "stop_loss_pct": 0.039072332548796974,
        "take_profit_pct": 0.10270780404553452,
        "max_hold_days": 9,
        "weight_ma_cross": 0.06416688460914227,
        "weight_rsi_signal": 0.08986137301820836,
        "weight_volume": 0.24324531058489168,
        "weight_trend": 0.6027264317877576
      },
      "fitness": 0.0,
      "returns": 0.0,
      "sharpe": 0.0,
      "max_drawdown": 0.0,
      "win_rate": 0.0,
      "trade_count": 0
    },
    {
      "id": 6,
      "gene": {
        "ma_fast": 12,
        "ma_slow": 56,
        "ma_signal": 9,
        "rsi_period": 9,
        "rsi_overbought": 73,
        "rsi_oversold": 34,
        "volume_ma_period": 25,
        "volume_multiplier": 1.8792470566767323,
        "position_size": 0.3123754591432486,
        "stop_loss_pct": 0.061751724365219474,
        "take_profit_pct": 0.1444485960034741,
        "max_hold_days": 5,
        "weight_ma_cross": 0.3399381148952826,
        "weight_rsi_signal": 0.0,
        "weight_volume": 0.27332067731639487,
        "weight_trend": 0.38674120778832255
      },
      "fitness": 0.0,
      "returns": 0.0,
      "sharpe": 0.0,
      "max_drawdown": 0.0,
      "win_rate": 0.0,
      "trade_count": 0
    },
    {
      "id": 7,
      "gene": {
        "ma_fast": 16,
        "ma_slow": 56,
        "ma_signal": 4,
        "rsi_period": 8,
        "rsi_overbought": 67,
        "rsi_oversold": 32,
        "volume_ma_period": 21,
        "volume_multiplier": 1.2130719950400994,
        "position_size": 0.3952684202129465,
        "stop_loss_pct": 0.03949279466210029,
        "take_profit_pct": 0.10270780404553452,
        "max_hold_days": 5,
        "weight_ma_cross": 0.36750475173176644,
        "weight_rsi_signal": 0.10300397071154521,
        "weight_volume": 0.11131190701464888,
        "weight_trend": 0.41817937054203946
      },
      "fitness": 0.0,
      "returns": 0.0,
      "sharpe": 0.0,
      "max_drawdown": 0.0,
      "win_rate": 0.0,
      "trade_count": 0
    },
    {
      "id": 8,
      "gene": {
        "ma_fast": 17,
        "ma_slow": 56,
        "ma_signal": 15,
        "rsi_period": 10,
        "rsi_overbought": 67,
        "rsi_oversold": 34,
        "volume_ma_period": 15,
        "volume_multiplier": 1.2467552540420448,
        "position_size": 0.3952684202129465,
        "stop_loss_pct": 0.07369230680468358,
        "take_profit_pct": 0.10270780404553452,
        "max_hold_days": 13,
        "weight_ma_cross": 0.12624387967753226,
        "weight_rsi_signal": 0.06073678231991901,
        "weight_volume": 0.4016102266788754,
        "weight_trend": 0.41140911132367325
      },
      "fitness": 0.0,
      "returns": 0.0,
      "sharpe": 0.0,
      "max_drawdown": 0.0,
      "win_rate": 0.0,
      "trade_count": 0
    },
    {
      "id": 9,
      "gene": {
        "ma_fast": 14,
        "ma_slow": 56,
        "ma_signal": 4,
        "rsi_period": 8,
        "rsi_overbought": 77,
        "rsi_oversold": 32,
        "volume_ma_period": 21,
        "volume_multiplier": 1.2130719950400994,
        "position_size": 0.3952684202129465,
        "stop_loss_pct": 0.05452473564691927,
        "take_profit_pct": 0.11588520817464278,
        "max_hold_days": 5,
        "weight_ma_cross": 0.32272163474026083,
        "weight_rsi_signal": 0.07930586958216927,
        "weight_volume": 0.23075131162474088,
        "weight_trend": 0.36722118405282905
      },
      "fitness": 0.0,
      "returns": 0.0,
      "sharpe": 0.0,