{
  "pool_size": 20,
  "strategies": [
    {
      "id": 6,
      "gene": {
        "ma_fast": 17,
        "ma_slow": 36,
        "ma_signal": 16,
        "rsi_period": 13,
        "rsi_overbought": 77,
        "rsi_oversold": 34,
        "volume_ma_period": 10,
        "volume_multiplier": 1.2545108411167227,
        "position_size": 0.5368192754192664,
        "stop_loss_pct": 0.025829528912110076,
        "take_profit_pct": 0.12779997329820847,
        "max_hold_days": 5,
        "weight_ma_cross": 0.0,
        "weight_rsi_signal": 0.04165483029578178,
        "weight_volume": 0.37936912014867274,
        "weight_trend": 0.5789760495555455
      },
      "fitness": 475.3455217686091,
      "returns": 68.37447197700001,
      "sharpe": 6.968602141862843,
      "max_drawdown": -0.01674979401144874,
      "win_rate": 0.4876190476190477,
      "trade_count": 9.6
    },
    {
      "id": 12,
      "gene": {
        "ma_fast": 13,
        "ma_slow": 34,
        "ma_signal": 14,
        "rsi_period": 13,
        "rsi_overbought": 77,
        "rsi_oversold": 34,
        "volume_ma_period": 10,
        "volume_multiplier": 1.1283956903229813,
        "position_size": 0.5368192754192664,
        "stop_loss_pct": 0.025829528912110076,
        "take_profit_pct": 0.12779997329820847,
        "max_hold_days": 5,
        "weight_ma_cross": 0.0,
        "weight_rsi_signal": 0.0,
        "weight_volume": 0.48511222227581796,
        "weight_trend": 0.5148877777241821
      },
      "fitness": 475.3455217686091,
      "returns": 68.37447197700001,
      "sharpe": 6.968602141862843,
      "max_drawdown": -0.01674979401144874,
      "win_rate": 0.4876190476190477,
      "trade_count": 9.6
    },
    {
      "id": 19,
      "gene": {
        "ma_fast": 13,
        "ma_slow": 32,
        "ma_signal": 11,
        "rsi_period": 14,
        "rsi_overbought": 77,
        "rsi_oversold": 34,
        "volume_ma_period": 11,
        "volume_multiplier": 1.1283956903229813,
        "position_size": 0.5368192754192664,
        "stop_loss_pct": 0.025829528912110076,
        "take_profit_pct": 0.12779997329820847,
        "max_hold_days": 5,
        "weight_ma_cross": 0.0,
        "weight_rsi_signal": 0.036209061719119716,
        "weight_volume": 0.45157879516972294,
        "weight_trend": 0.5122121431111574
      },
      "fitness": 475.1137727290876,
      "returns": 68.36582762999998,
      "sharpe": 6.967469504858968,
      "max_drawdown": -0.01694691347436381,
      "win_rate": 0.4876190476190477,
      "trade_count": 9.6
    },
    {
      "id": 3,
      "gene": {
        "ma_fast": 13,
        "ma_slow": 32,
        "ma_signal": 11,
        "rsi_period": 14,
        "rsi_overbought": 81,
        "rsi_oversold": 34,
        "volume_ma_period": 10,
        "volume_multiplier": 1.148697217893577,
        "position_size": 0.5368192754192664,
        "stop_loss_pct": 0.025829528912110076,
        "take_profit_pct": 0.1173775815857405,
        "max_hold_days": 5,
        "weight_ma_cross": 0.0,
        "weight_rsi_signal": 0.12127104666541685,
        "weight_volume": 0.37592181297566013,
        "weight_trend": 0.502807140358923
      },
      "fitness": 0.0,
      "returns": 0.0,
      "sharpe": 0.0,
      "max_drawdown": 0.0,
      "win_rate": 0.0,
      "trade_count": 0
    },
    {
      "id": 4,
      "gene": {
        "ma_fast": 13,
        "ma_slow": 36,
        "ma_signal": 14,
        "rsi_period": 14,
        "rsi_overbought": 77,
        "rsi_oversold": 34,
        "volume_ma_period": 10,
        "volume_multiplier": 1.1283956903229813,
        "position_size": 0.48137592272872837,
        "stop_loss_pct": 0.025829528912110076,
        "take_profit_pct": 0.12779997329820847,
        "max_hold_days": 5,
        "weight_ma_cross": 0.0,
        "weight_rsi_signal": 0.04081833675977447,
        "weight_volume": 0.4494191454087722,
        "weight_trend": 0.5097625178314532
      },
      "fitness": 0.0,
      "returns": 0.0,
      "sharpe": 0.0,
      "max_drawdown": 0.0,
      "win_rate": 0.0,
      "trade_count": 0
    },
    {
      "id": 5,
      "gene": {
        "ma_fast": 17,
        "ma_slow": 36,
        "ma_signal": 16,
        "rsi_period": 15,
        "rsi_overbought": 77,
        "rsi_oversold": 34,
        "volume_ma_period": 10,
        "volume_multiplier": 1.2545108411167227,
        "position_size": 0.5368192754192664,
        "stop_loss_pct": 0.025829528912110076,
        "take_profit_pct": 0.12779997329820847,
        "max_hold_days": 5,
        "weight_ma_cross": 0.0,
        "weight_rsi_signal": 0.04165483029578178,
        "weight_volume": 0.37936912014867274,
        "weight_trend": 0.5789760495555455
      },
      "fitness": 0.0,
      "returns": 0.0,
      "sharpe": 0.0,
      "max_drawdown": 0.0,
      "win_rate": 0.0,
      "trade_count": 0
    },
    {
      "id": 6,
      "gene": {
        "ma_fast": 13,
        "ma_slow": 41,
        "ma_signal": 11,
        "rsi_period": 15,
        "rsi_overbought": 77,
        "rsi_oversold": 34,
        "volume_ma_period": 10,
        "volume_multiplier": 1.1283956903229813,
        "position_size": 0.4990858696264957,
        "stop_loss_pct": 0.025829528912110076,
        "take_profit_pct": 0.1173775815857405,
        "max_hold_days": 5,
        "weight_ma_cross": 0.0,
        "weight_rsi_signal": 0.04019793208339014,
        "weight_volume": 0.43578460432162425,
        "weight_trend": 0.5240174635949857
      },
      "fitness": 0.0,
      "returns": 0.0,
      "sharpe": 0.0,
      "max_drawdown": 0.0,
      "win_rate": 0.0,
      "trade_count": 0
    },
    {
      "id": 7,
      "gene": {
        "ma_fast": 13,
        "ma_slow": 34,
        "ma_signal": 14,
        "rsi_period": 14,
        "rsi_overbought": 77,
        "rsi_oversold": 34,
        "volume_ma_period": 10,
        "volume_multiplier": 1.0318321486517188,
        "position_size": 0.4989538800236758,
        "stop_loss_pct": 0.025829528912110076,
        "take_profit_pct": 0.12883244642813124,
        "max_hold_days": 6,
        "weight_ma_cross": 0.0,
        "weight_rsi_signal": 0.0,
        "weight_volume": 0.46739727513870294,
        "weight_trend": 0.5326027248612971
      },
      "fitness": 0.0,
      "returns": 0.0,
      "sharpe": 0.0,
      "max_drawdown": 0.0,
      "win_rate": 0.0,
      "trade_count": 0
    },
    {
      "id": 8,
      "gene": {
        "ma_fast": 13,
        "ma_slow": 32,
        "ma_signal": 14,
        "rsi_period": 14,
        "rsi_overbought": 77,
        "rsi_oversold": 34,
        "volume_ma_period": 12,
        "volume_multiplier": 1.1000553038055212,
        "position_size": 0.5368192754192664,
        "stop_loss_pct": 0.025829528912110076,
        "take_profit_pct": 0.12779997329820847,
        "max_hold_days": 6,
        "weight_ma_cross": 0.0,
        "weight_rsi_signal": 0.035688617071798906,
        "weight_volume": 0.4481149167068023,
        "weight_trend": 0.5161964662213988
      },
      "fitness": 0.0,
      "returns": 0.0,
      "sharpe": 0.0,
      "max_drawdown": 0.0,
      "win_rate": 0.0,
      "trade_count": 0
    },
    {
      "id": 9,
      "gene": {
        "ma_fast": 13,
        "ma_slow": 36,
        "ma_signal": 11,
        "rsi_period": 14,
        "rsi_overbought": 77,
        "rsi_oversold": 34,
        "volume_ma_period": 11,
        "volume_multiplier": 1.1283956903229813,
        "position_size": 0.5659122218441349,
        "stop_loss_pct": 0.025829528912110076,
        "take_profit_pct": 0.12779997329820847,
        "max_hold_days": 4,
        "weight_ma_cross": 0.0,
        "weight_rsi_signal": 0.04533275181505642,
        "weight_volume": 0.3637126295586157,
        "weight_trend": 0.5909546186263278
      },
      "fitness": 0.0,
      "returns": 0.0,
      "sharpe": 0.0,
      "max_drawdown": 0.0,
      "win_rate": 0.0,
      "trade_count": 0
    },
    {
      "id": 10,
      "gene": {
        "ma_fast": 10,
        "ma_slow": 34,