{
  "pool_size": 20,
  "strategies": [
    {
      "id": 2,
      "gene": {
        "ma_fast": 18,
        "ma_slow": 25,
        "ma_signal": 10,
        "rsi_period": 19,
        "rsi_overbought": 68,
        "rsi_oversold": 25,
        "volume_ma_period": 13,
        "volume_multiplier": 1.2671806665183014,
        "position_size": 0.4402688757096177,
        "stop_loss_pct": 0.05008555989313683,
        "take_profit_pct": 0.13513564445675974,
        "max_hold_days": 17,
        "weight_ma_cross": 0.2629611120747436,
        "weight_rsi_signal": 0.1699989943574405,
        "weight_volume": 0.30994004874112085,
        "weight_trend": 0.257099844826695
      },
      "fitness": 12.752188086676895,
      "returns": 2.3455801369494678,
      "sharpe": 3.8991295812000906,
      "max_drawdown": -0.022435089774779204,
      "win_rate": 0.465,
      "trade_count": 3.4
    },
    {
      "id": 6,
      "gene": {
        "ma_fast": 10,
        "ma_slow": 20,
        "ma_signal": 6,
        "rsi_period": 7,
        "rsi_overbought": 78,
        "rsi_oversold": 30,
        "volume_ma_period": 12,
        "volume_multiplier": 1.6117603493295942,
        "position_size": 0.3355639721148205,
        "stop_loss_pct": 0.07063044353368236,
        "take_profit_pct": 0.11360301006969185,
        "max_hold_days": 8,
        "weight_ma_cross": 0.42477646902713884,
        "weight_rsi_signal": 0.1593763559411713,
        "weight_volume": 0.07691477364733221,
        "weight_trend": 0.3389324013843576
      },
      "fitness": 10.774934677233034,
      "returns": 1.722456141820365,
      "sharpe": 4.029231976824404,
      "max_drawdown": -0.01772863918953596,
      "win_rate": 0.44833333333333336,
      "trade_count": 3.7
    },
    {
      "id": 0,
      "gene": {
        "ma_fast": 8,
        "ma_slow": 55,
        "ma_signal": 14,
        "rsi_period": 16,
        "rsi_overbought": 77,
        "rsi_oversold": 24,
        "volume_ma_period": 19,
        "volume_multiplier": 1.2629409571939907,
        "position_size": 0.4892407908871699,
        "stop_loss_pct": 0.06540474309524166,
        "take_profit_pct": 0.08360059293240243,
        "max_hold_days": 19,
        "weight_ma_cross": 0.37740606211445327,
        "weight_rsi_signal": 0.09933186297424601,
        "weight_volume": 0.13393993869222365,
        "weight_trend": 0.38932213621907713
      },
      "fitness": 7.885437397377837,
      "returns": 1.5249748534012657,
      "sharpe": 3.2168947942146024,
      "max_drawdown": -0.029195293733086842,
      "win_rate": 0.4416666666666666,
      "trade_count": 2.4
    },
    {
      "id": 3,
      "gene": {
        "ma_fast": 9,
        "ma_slow": 28,
        "ma_signal": 13,
        "rsi_period": 16,
        "rsi_overbought": 67,
        "rsi_oversold": 22,
        "volume_ma_period": 21,
        "volume_multiplier": 1.2822669792530461,
        "position_size": 0.21477397541182316,
        "stop_loss_pct": 0.03787618365083609,
        "take_profit_pct": 0.13009765422049518,
        "max_hold_days": 14,
        "weight_ma_cross": 0.006311470874884561,
        "weight_rsi_signal": 0.3631476104708506,
        "weight_volume": 0.3092583565901343,
        "weight_trend": 0.3212825620641306
      },
      "fitness": 0.0,
      "returns": 0.0,
      "sharpe": 0.0,
      "max_drawdown": 0.0,
      "win_rate": 0.0,
      "trade_count": 0
    },
    {
      "id": 4,
      "gene": {
        "ma_fast": 20,
        "ma_slow": 28,
        "ma_signal": 6,
        "rsi_period": 18,
        "rsi_overbought": 78,
        "rsi_oversold": 28,
        "volume_ma_period": 23,
        "volume_multiplier": 1.6117603493295942,
        "position_size": 0.15213511051481088,
        "stop_loss_pct": 0.07063044353368236,
        "take_profit_pct": 0.11360301006969185,
        "max_hold_days": 8,
        "weight_ma_cross": 0.38273196077293176,
        "weight_rsi_signal": 0.3966152552256438,
        "weight_volume": 0.06930172520589625,
        "weight_trend": 0.1513510587955282
      },
      "fitness": 0.0,
      "returns": 0.0,
      "sharpe": 0.0,
      "max_drawdown": 0.0,
      "win_rate": 0.0,
      "trade_count": 0
    },
    {
      "id": 5,
      "gene": {
        "ma_fast": 14,
        "ma_slow": 24,
        "ma_signal": 10,
        "rsi_period": 19,
        "rsi_overbought": 65,
        "rsi_oversold": 31,
        "volume_ma_period": 14,
        "volume_multiplier": 1.956661308018385,
        "position_size": 0.28106887651500945,
        "stop_loss_pct": 0.0759833394929109,
        "take_profit_pct": 0.11475612911126087,
        "max_hold_days": 20,
        "weight_ma_cross": 0.2062005331622736,
        "weight_rsi_signal": 0.23725141302223543,
        "weight_volume": 0.26584042964529003,
        "weight_trend": 0.2907076241702009
      },
      "fitness": 0.0,
      "returns": 0.0,
      "sharpe": 0.0,
      "max_drawdown": 0.0,
      "win_rate": 0.0,
      "trade_count": 0
    },
    {
      "id": 6,
      "gene": {
        "ma_fast": 18,
        "ma_slow": 25,
        "ma_signal": 10,
        "rsi_period": 16,
        "rsi_overbought": 76,
        "rsi_oversold": 25,
        "volume_ma_period": 13,
        "volume_multiplier": 1.2541199528439004,
        "position_size": 0.4402688757096177,
        "stop_loss_pct": 0.078966639106442,
        "take_profit_pct": 0.13513564445675974,
        "max_hold_days": 17,
        "weight_ma_cross": 0.2209783561858039,
        "weight_rsi_signal": 0.17968237253245675,
        "weight_volume": 0.32759466319862035,
        "weight_trend": 0.27174460808311907
      },
      "fitness": 0.0,
      "returns": 0.0,
      "sharpe": 0.0,
      "max_drawdown": 0.0,
      "win_rate": 0.0,
      "trade_count": 0
    },
    {
      "id": 7,
      "gene": {
        "ma_fast": 18,
        "ma_slow": 25,
        "ma_signal": 10,
        "rsi_period": 14,
        "rsi_overbought": 76,
        "rsi_oversold": 21,
        "volume_ma_period": 32,
        "volume_multiplier": 1.2394751909449777,
        "position_size": 0.34631805472412946,
        "stop_loss_pct": 0.078966639106442,
        "take_profit_pct": 0.08462610602842306,
        "max_hold_days": 17,
        "weight_ma_cross": 0.2528654225493856,
        "weight_rsi_signal": 0.2928431676844441,
        "weight_volume": 0.30318716153258984,
        "weight_trend": 0.1511042482335805
      },
      "fitness": 0.0,
      "returns": 0.0,
      "sharpe": 0.0,
      "max_drawdown": 0.0,
      "win_rate": 0.0,
      "trade_count": 0
    },
    {
      "id": 8,
      "gene": {
        "ma_fast": 16,
        "ma_slow": 28,
        "ma_signal": 10,
        "rsi_period": 8,
        "rsi_overbought": 73,
        "rsi_oversold": 22,
        "volume_ma_period": 15,
        "volume_multiplier": 1.3197896271880643,
        "position_size": 0.15213511051481088,
        "stop_loss_pct": 0.07063044353368236,
        "take_profit_pct": 0.11157806583588314,
        "max_hold_days": 15,
        "weight_ma_cross": 0.29894720403164726,
        "weight_rsi_signal": 0.2441326265370075,
        "weight_volume": 0.18272675546762918,
        "weight_trend": 0.27419341396371605
      },
      "fitness": 0.0,
      "returns": 0.0,
      "sharpe": 0.0,
      "max_drawdown": 0.0,
      "win_rate": 0.0,
      "trade_count": 0
    },
    {
      "id": 9,
      "gene": {
        "ma_fast": 18,
        "ma_slow": 53,
        "ma_signal": 6,
        "rsi_period": 10,
        "rsi_overbought": 78,
        "rsi_oversold": 25,
        "volume_ma_period": 14,
        "volume_multiplier": 1.540300251888473,
        "position_size": 0.3355639721148205,
        "stop_loss_pct": 0.07063044353368236,
        "take_profit_pct": 0.11157806583588314,
        "max_hold_days": 14,
        "weight_ma_cross": 0.4543575845608723,
        "weight_rsi_signal": 0.3392687129534337,
        "weight_volume": 0.0,
        "weight_trend": 0.20637370248569412
      },
      "fitness": 0.0,
      "returns": 0.0,
      "sharpe": 0.0,
      "max_drawdown": 0.0,