{
  "pool_size": 20,
  "strategies": [
    {
      "id": 5,
      "gene": {
        "ma_fast": 16,
        "ma_slow": 33,
        "ma_signal": 11,
        "rsi_period": 17,
        "rsi_overbought": 79,
        "rsi_oversold": 32,
        "volume_ma_period": 11,
        "volume_multiplier": 1.1283956903229813,
        "position_size": 0.490137798844865,
        "stop_loss_pct": 0.03080621299991032,
        "take_profit_pct": 0.12779997329820847,
        "max_hold_days": 5,
        "weight_ma_cross": 0.023798007837908423,
        "weight_rsi_signal": 0.0,
        "weight_volume": 0.5616703581256586,
        "weight_trend": 0.41453163403643295
      },
      "fitness": 134.66616805887136,
      "returns": 20.13309904,
      "sharpe": 6.423601464294925,
      "max_drawdown": -0.007988457009570458,
      "win_rate": 0.1898148148148148,
      "trade_count": 7.666666666666667
    },
    {
      "id": 11,
      "gene": {
        "ma_fast": 13,
        "ma_slow": 34,
        "ma_signal": 11,
        "rsi_period": 14,
        "rsi_overbought": 77,
        "rsi_oversold": 34,
        "volume_ma_period": 11,
        "volume_multiplier": 1.2147101206113726,
        "position_size": 0.490137798844865,
        "stop_loss_pct": 0.03080621299991032,
        "take_profit_pct": 0.12779997329820847,
        "max_hold_days": 5,
        "weight_ma_cross": 0.019441954373650594,
        "weight_rsi_signal": 0.0,
        "weight_volume": 0.45886065548379057,
        "weight_trend": 0.5216973901425589
      },
      "fitness": 133.60372821349824,
      "returns": 20.848169513333332,
      "sharpe": 6.215027052746227,
      "max_drawdown": -0.016078394355696714,
      "win_rate": 0.41111111111111115,
      "trade_count": 7.333333333333333
    },
    {
      "id": 16,
      "gene": {
        "ma_fast": 13,
        "ma_slow": 36,
        "ma_signal": 11,
        "rsi_period": 17,
        "rsi_overbought": 77,
        "rsi_oversold": 34,
        "volume_ma_period": 10,
        "volume_multiplier": 1.1283956903229813,
        "position_size": 0.490137798844865,
        "stop_loss_pct": 0.025829528912110076,
        "take_profit_pct": 0.12779997329820847,
        "max_hold_days": 5,
        "weight_ma_cross": 0.018724943099153957,
        "weight_rsi_signal": 0.036879588374530495,
        "weight_volume": 0.4419380633882811,
        "weight_trend": 0.5024574051380345
      },
      "fitness": 133.60372821349824,
      "returns": 20.848169513333332,
      "sharpe": 6.215027052746227,
      "max_drawdown": -0.016078394355696714,
      "win_rate": 0.41111111111111115,
      "trade_count": 7.333333333333333
    },
    {
      "id": 3,
      "gene": {
        "ma_fast": 14,
        "ma_slow": 36,
        "ma_signal": 11,
        "rsi_period": 17,
        "rsi_overbought": 75,
        "rsi_oversold": 30,
        "volume_ma_period": 12,
        "volume_multiplier": 1.1283956903229813,
        "position_size": 0.490137798844865,
        "stop_loss_pct": 0.025829528912110076,
        "take_profit_pct": 0.10773095307098804,
        "max_hold_days": 5,
        "weight_ma_cross": 0.017675752515990635,
        "weight_rsi_signal": 0.09084487205945024,
        "weight_volume": 0.4171755179432501,
        "weight_trend": 0.474303857481309
      },
      "fitness": 0.0,
      "returns": 0.0,
      "sharpe": 0.0,
      "max_drawdown": 0.0,
      "win_rate": 0.0,
      "trade_count": 0
    },
    {
      "id": 4,
      "gene": {
        "ma_fast": 10,
        "ma_slow": 34,
        "ma_signal": 11,
        "rsi_period": 9,
        "rsi_overbought": 79,
        "rsi_oversold": 34,
        "volume_ma_period": 11,
        "volume_multiplier": 1.1941299142903643,
        "position_size": 0.37699500960670557,
        "stop_loss_pct": 0.07285923507462072,
        "take_profit_pct": 0.0866159665420027,
        "max_hold_days": 14,
        "weight_ma_cross": 0.03257261770585988,
        "weight_rsi_signal": 0.22360225706214998,
        "weight_volume": 0.206179684468081,
        "weight_trend": 0.5376454407639092
      },
      "fitness": 0.0,
      "returns": 0.0,
      "sharpe": 0.0,
      "max_drawdown": 0.0,
      "win_rate": 0.0,
      "trade_count": 0
    },
    {
      "id": 5,
      "gene": {
        "ma_fast": 16,
        "ma_slow": 34,
        "ma_signal": 11,
        "rsi_period": 14,
        "rsi_overbought": 77,
        "rsi_oversold": 34,
        "volume_ma_period": 13,
        "volume_multiplier": 1.2147101206113726,
        "position_size": 0.490137798844865,
        "stop_loss_pct": 0.03080621299991032,
        "take_profit_pct": 0.12779997329820847,
        "max_hold_days": 5,
        "weight_ma_cross": 0.02652503923413358,
        "weight_rsi_signal": 0.0,
        "weight_volume": 0.5114418388550929,
        "weight_trend": 0.46203312191077356
      },
      "fitness": 0.0,
      "returns": 0.0,
      "sharpe": 0.0,
      "max_drawdown": 0.0,
      "win_rate": 0.0,
      "trade_count": 0
    },
    {
      "id": 6,
      "gene": {
        "ma_fast": 8,
        "ma_slow": 33,
        "ma_signal": 11,
        "rsi_period": 17,
        "rsi_overbought": 79,
        "rsi_oversold": 34,
        "volume_ma_period": 12,
        "volume_multiplier": 1.4348092573031836,
        "position_size": 0.4224697415011084,
        "stop_loss_pct": 0.07285923507462072,
        "take_profit_pct": 0.0866159665420027,
        "max_hold_days": 5,
        "weight_ma_cross": 0.028705609232186333,
        "weight_rsi_signal": 0.0,
        "weight_volume": 0.4043848973787858,
        "weight_trend": 0.566909493389028
      },
      "fitness": 0.0,
      "returns": 0.0,
      "sharpe": 0.0,
      "max_drawdown": 0.0,
      "win_rate": 0.0,
      "trade_count": 0
    },
    {
      "id": 7,
      "gene": {
        "ma_fast": 13,
        "ma_slow": 36,
        "ma_signal": 11,
        "rsi_period": 17,
        "rsi_overbought": 77,
        "rsi_oversold": 34,
        "volume_ma_period": 10,
        "volume_multiplier": 1.1283956903229813,
        "position_size": 0.4224697415011084,
        "stop_loss_pct": 0.025829528912110076,
        "take_profit_pct": 0.0866159665420027,
        "max_hold_days": 5,
        "weight_ma_cross": 0.016006898228806528,
        "weight_rsi_signal": 0.185525738491918,
        "weight_volume": 0.20959941678398256,
        "weight_trend": 0.588867946495293
      },
      "fitness": 0.0,
      "returns": 0.0,
      "sharpe": 0.0,
      "max_drawdown": 0.0,
      "win_rate": 0.0,
      "trade_count": 0
    },
    {
      "id": 8,
      "gene": {
        "ma_fast": 13,
        "ma_slow": 32,
        "ma_signal": 16,
        "rsi_period": 20,
        "rsi_overbought": 79,
        "rsi_oversold": 34,
        "volume_ma_period": 10,
        "volume_multiplier": 1.208286800778251,
        "position_size": 0.3607007979623632,
        "stop_loss_pct": 0.03080621299991032,
        "take_profit_pct": 0.06975266788956157,
        "max_hold_days": 5,
        "weight_ma_cross": 0.019529803589420216,
        "weight_rsi_signal": 0.0668672784575567,
        "weight_volume": 0.4609340349371658,
        "weight_trend": 0.45266888301585734
      },
      "fitness": 0.0,
      "returns": 0.0,
      "sharpe": 0.0,
      "max_drawdown": 0.0,
      "win_rate": 0.0,
      "trade_count": 0
    },
    {
      "id": 9,
      "gene": {
        "ma_fast": 13,
        "ma_slow": 36,
        "ma_signal": 13,
        "rsi_period": 17,
        "rsi_overbought": 77,
        "rsi_oversold": 34,
        "volume_ma_period": 8,
        "volume_multiplier": 1.1283956903229813,
        "position_size": 0.490137798844865,
        "stop_loss_pct": 0.0592654941106817,
        "take_profit_pct": 0.12779997329820847,
        "max_hold_days": 5,
        "weight_ma_cross": 0.0,
        "weight_rsi_signal": 0.042413561780873354,
        "weight_volume": 0.4895089932954942,
        "weight_trend": 0.46807744492363246
      },
      "fitness": 0.0,
      "returns": 0.0,
      "sharpe": 0.0,
      "max_drawdown": 0.0,